Timestamp,Sterberate
2000-01-1,31.31846290057323
2000-02-1,31.675622736542394
2000-03-1,32.93961761733786
2000-04-1,33.885059966559716
2000-05-1,35.214204345143244
2000-06-1,33.16873578606112
2000-07-1,31.267507302181993
2000-08-1,29.907051230942194
2000-09-1,29.420287717791627
2000-10-1,28.80677585533852
2000-11-1,27.77617744005345
2000-12-1,27.911353052382033
2000-13-1,27.73135852002416
2000-14-1,27.141387231328675
2000-15-1,27.122750940849684
2000-16-1,27.46180857292984
2000-17-1,26.650350477599385
2000-18-1,25.738661820985314
2000-19-1,26.1652776484646
2000-20-1,25.851744183273794
2000-21-1,24.95349422174404
2000-22-1,25.841121506132307
2000-23-1,25.954346642227932
2000-24-1,24.869280680391686
2000-25-1,27.19603171972342
2000-26-1,24.7545030060675
2000-27-1,24.9716291584476
2000-28-1,24.46910906279909
2000-29-1,25.00727298099145
2000-30-1,25.367389325576475
2000-31-1,25.454980424320453
2000-32-1,24.960225923147608
2000-33-1,26.429891071657007
2000-34-1,23.91355716547229
2000-35-1,24.585456660748072
2000-36-1,25.212390873915968
2000-37-1,25.459862243960178
2000-38-1,25.154851814037276
2000-39-1,25.78664892462468
2000-40-1,25.23881651901976
2000-41-1,27.07136838138323
2000-42-1,26.746608776839693
2000-43-1,26.671735085920194
2000-44-1,26.95012141516865
2000-45-1,27.44812700036151
2000-46-1,27.72112827692982
2000-47-1,27.511326066909927
2000-48-1,27.453310813099282
2000-49-1,27.475356491722767
2000-50-1,27.86305235518374
2000-51-1,28.05083669758927
2000-52-1,29.75623507548779
2001-01-1,29.37349289298745
2001-02-1,27.837679455776073
2001-03-1,28.058636816200394
2001-04-1,28.971031334624225
2001-05-1,28.215695200505525
2001-06-1,28.258951906124523
2001-07-1,27.023202727316583
2001-08-1,27.085967447535374
2001-09-1,28.640261766822274
2001-10-1,28.212449919038562
2001-11-1,27.96583004403471
2001-12-1,27.576505185485573
2001-13-1,27.332061500700167
2001-14-1,27.610512258056758
2001-15-1,26.57167422697548
2001-16-1,27.41203901118053
2001-17-1,27.478182312192505
2001-18-1,27.01994519237667
2001-19-1,26.702178646162192
2001-20-1,25.56883861576659
2001-21-1,26.264849405281545
2001-22-1,25.896981996362314
2001-23-1,25.231380918966888
2001-24-1,25.756068735952912
2001-25-1,24.944371243283054
2001-26-1,26.55503009433737
2001-27-1,26.625535024835887
2001-28-1,25.332987725935173
2001-29-1,25.142443369193675
2001-30-1,26.452074044677666
2001-31-1,26.140253607667013
2001-32-1,24.07889040299072
2001-33-1,26.179816838527575
2001-34-1,25.771325598618862
2001-35-1,24.77325792046448
2001-36-1,24.331233026737422
2001-37-1,25.627372021024126
2001-38-1,25.478860167092062
2001-39-1,25.863537365218992
2001-40-1,26.68133964337707
2001-41-1,26.10248744475754
2001-42-1,25.512000775788927
2001-43-1,25.86200497957684
2001-44-1,25.825631527183546
2001-45-1,26.42751797974017
2001-46-1,27.406798221128593
2001-47-1,27.630330979300524
2001-48-1,27.527750708607776
2001-49-1,27.221816339581633
2001-50-1,27.563627512529525
2001-51-1,29.41373430978134
2001-52-1,30.054770094039384
2002-01-1,28.973807406919065
2002-02-1,29.24322037795107
2002-03-1,28.63104631556553
2002-04-1,29.257256062045368
2002-05-1,27.75798290040961
2002-06-1,27.5319295271947
2002-07-1,27.129232958081538
2002-08-1,28.31073934909387
2002-09-1,28.263704287022193
2002-10-1,28.77055546663525
2002-11-1,28.815334150599707
2002-12-1,28.614518242161786
2002-13-1,28.085518712260992
2002-14-1,28.950597421072928
2002-15-1,28.78756824923272
2002-16-1,27.629647048100267
2002-17-1,27.510051934160284
2002-18-1,26.68798924259462
2002-19-1,26.765574309163522
2002-20-1,26.321250117873152
2002-21-1,25.656688872287653
2002-22-1,24.832852872101665
2002-23-1,26.210530976876246
2002-24-1,25.60686431603991
2002-25-1,27.84938925950098
2002-26-1,24.764231470226292
2002-27-1,24.880236762156024
2002-28-1,25.537878258290323
2002-29-1,24.580326173477182
2002-30-1,24.85162433423821
2002-31-1,26.971983080734052
2002-32-1,24.448688820421957
2002-33-1,25.280074864471832
2002-34-1,25.784133266819662
2002-35-1,25.26520874094482
2002-36-1,24.510127488162123
2002-37-1,24.688232541897346
2002-38-1,25.08492395696365
2002-39-1,25.8756939391304
2002-40-1,26.001096369947703
2002-41-1,26.512039846958185
2002-42-1,27.19001684126349
2002-43-1,27.698961887020022
2002-44-1,26.841025320222414
2002-45-1,26.811723816007
2002-46-1,27.72072567727322
2002-47-1,27.403179392786146
2002-48-1,27.369060376199496
2002-49-1,27.932820792679298
2002-50-1,29.667423940905774
2002-51-1,30.913955033256613
2002-52-1,31.143834502401315
2003-01-1,30.766664698965325
2003-02-1,30.765335261176403
2003-03-1,30.04711923003424
2003-04-1,29.555537984574784
2003-05-1,29.009480652889284
2003-06-1,29.241685008426266
2003-07-1,28.98669377331213
2003-08-1,31.339203457201588
2003-09-1,34.38390669461602
2003-10-1,34.00761285959358
2003-11-1,32.34370776631156
2003-12-1,30.71348373116418
2003-13-1,29.67835810550337
2003-14-1,28.225061805745156
2003-15-1,27.47000074200692
2003-16-1,27.393362617713763
2003-17-1,26.77970187331726
2003-18-1,26.046650582694983
2003-19-1,26.073081228806952
2003-20-1,24.89551587542328
2003-21-1,25.590451871302818
2003-22-1,26.020241315945015
2003-23-1,27.255651010275034
2003-24-1,25.634021592012395
2003-25-1,24.221718316526815
2003-26-1,25.21007070370915
2003-27-1,24.70791374516481
2003-28-1,24.926076898103933
2003-29-1,27.06499090060406
2003-30-1,26.709336214491913
2003-31-1,25.088570037437123
2003-32-1,30.701246748968114
2003-33-1,31.780534558783625
2003-34-1,25.435137348667755
2003-35-1,24.197728572525165
2003-36-1,24.89794457763933
2003-37-1,24.55389623724127
2003-38-1,25.691257772454687
2003-39-1,24.85350736952951
2003-40-1,24.705955376275995
2003-41-1,25.193594731572972
2003-42-1,25.574909524567357
2003-43-1,26.55289895194574
2003-44-1,27.25918870378922
2003-45-1,25.822939031292208
2003-46-1,26.261803471698382
2003-47-1,26.05960708864007
2003-48-1,25.392934374681428
2003-49-1,25.7415680129114
2003-50-1,27.40172771639505
2003-51-1,27.319660144870717
2003-52-1,28.08685927987134
2004-01-1,27.964554479930882
2004-02-1,28.01848499489357
2004-03-1,27.94162711226527
2004-04-1,27.030326455810545
2004-05-1,27.650403962238276
2004-06-1,27.417052876822062
2004-07-1,26.62660407493692
2004-08-1,26.245637626380194
2004-09-1,26.904699642218873
2004-10-1,26.834893108537493
2004-11-1,27.847555908033588
2004-12-1,27.853994722852764
2004-13-1,25.466310822360725
2004-14-1,26.542811470999823
2004-15-1,25.439803895864692
2004-16-1,25.573273078681357
2004-17-1,25.13202129433742
2004-18-1,25.27328796461777
2004-19-1,24.61120368507969
2004-20-1,24.072542837472284
2004-21-1,24.041351431074123
2004-22-1,24.182720314471318
2004-23-1,24.554176426175
2004-24-1,25.471548668497732
2004-25-1,23.672897268364093
2004-26-1,23.517649390942488
2004-27-1,23.6635918592349
2004-28-1,23.368252936080854
2004-29-1,24.178532210342397
2004-30-1,24.300465924312647
2004-31-1,23.28660376668595
2004-32-1,25.094547470567075
2004-33-1,24.709025023801956
2004-34-1,23.45969657959775
2004-35-1,23.056216752640033
2004-36-1,23.606598121883934
2004-37-1,23.986477253381583
2004-38-1,23.58071579471606
2004-39-1,23.94750630950013
2004-40-1,24.3472787460111
2004-41-1,24.435980711619745
2004-42-1,24.86700368674144
2004-43-1,25.76575697676971
2004-44-1,25.142773942914832
2004-45-1,23.97854473005333
2004-46-1,25.259930523640787
2004-47-1,25.914033460250497
2004-48-1,25.985943123727242
2004-49-1,25.763239468850603
2004-50-1,26.097732351994157
2004-51-1,26.787678547121857
2004-52-1,27.39818368795413
2004-53-1,27.506753622239167
2005-01-1,26.960982282833026
2005-02-1,25.911128317224527
2005-03-1,26.191396800220268
2005-04-1,26.26589191950124
2005-05-1,26.753013920714725
2005-06-1,27.965966048304423
2005-07-1,29.054478528321532
2005-08-1,30.367653867173757
2005-09-1,31.75826182362788
2005-10-1,31.729858130563272
2005-11-1,30.71969241189152
2005-12-1,28.355920355085768
2005-13-1,25.881017977024513
2005-14-1,25.808540983484843
2005-15-1,25.474285822018278
2005-16-1,24.57965691153941
2005-17-1,24.64817521276871
2005-18-1,24.39938985058759
2005-19-1,24.247724697852636
2005-20-1,24.287142933293346
2005-21-1,25.70847551346553
2005-22-1,23.85467007963654
2005-23-1,22.40544003314927
2005-24-1,23.84004430365712
2005-25-1,25.183828341232434
2005-26-1,23.12024264465597
2005-27-1,22.37002334612831
2005-28-1,23.772054590748663
2005-29-1,22.546659289669446
2005-30-1,23.622488568557955
2005-31-1,21.753507396991626
2005-32-1,22.8149500008006
2005-33-1,23.84132631732843
2005-34-1,22.43964446429495
2005-35-1,23.78075842775012
2005-36-1,23.359762970256874
2005-37-1,22.27583385129383
2005-38-1,22.512727731704263
2005-39-1,23.005191320302856
2005-40-1,23.522925611824668
2005-41-1,23.609934173667448
2005-42-1,24.393661082258838
2005-43-1,24.52244031810174
2005-44-1,23.964089621176747
2005-45-1,24.247540436808855
2005-46-1,24.689571484702977
2005-47-1,25.88597027452821
2005-48-1,26.825123383215868
2005-49-1,26.08613808164271
2005-50-1,26.59555570048629
2005-51-1,26.236987784945295
2005-52-1,26.7372116576377
2006-01-1,26.076984362923106
2006-02-1,26.062418431796697
2006-03-1,26.496279878724255
2006-04-1,26.05996725625584
2006-05-1,26.417643040255733
2006-06-1,26.435235200354615
2006-07-1,26.180311491512786
2006-08-1,25.502852094807146
2006-09-1,26.326509095839018
2006-10-1,25.916751886423462
2006-11-1,25.65219438642252
2006-12-1,26.0052023718284
2006-13-1,25.986429538566234
2006-14-1,25.107751927251677
2006-15-1,24.993090150355627
2006-16-1,24.484106967878038
2006-17-1,24.23846088194335
2006-18-1,24.527032235803297
2006-19-1,24.847235727367377
2006-20-1,23.544260614815197
2006-21-1,22.87141535081141
2006-22-1,23.22408236809228
2006-23-1,23.78236405552017
2006-24-1,25.343924429258426
2006-25-1,23.86369893547338
2006-26-1,22.900201419567917
2006-27-1,24.87743100679439
2006-28-1,23.409126408295677
2006-29-1,26.90959325347307
2006-30-1,28.35248033241561
2006-31-1,23.175729002120033
2006-32-1,22.469860572688187
2006-33-1,23.213497900905434
2006-34-1,22.773326985057526
2006-35-1,22.741543731760014
2006-36-1,23.11642004275158
2006-37-1,24.361998503570206
2006-38-1,23.300999553830373
2006-39-1,22.596705829869098
2006-40-1,21.99792638656896
2006-41-1,22.90203273495232
2006-42-1,24.08371799504276
2006-43-1,23.85192212853916
2006-44-1,23.42187813258447
2006-45-1,24.447956235027384
2006-46-1,24.206263454194183
2006-47-1,24.13153278656712
2006-48-1,23.982148019044047
2006-49-1,24.727047657937426
2006-50-1,24.49030672941832
2006-51-1,24.926041895597095
2006-52-1,25.291924712368388
2007-01-1,26.115343246842407
2007-02-1,25.268494368303703
2007-03-1,25.066147635434017
2007-04-1,24.68913825087874
2007-05-1,24.832994942420093
2007-06-1,25.65440292168565
2007-07-1,25.814428516701057
2007-08-1,26.77711503036809
2007-09-1,27.06597714880106
2007-10-1,26.94348977498586
2007-11-1,26.384746293942666
2007-12-1,26.276964787850993
2007-13-1,26.21293682396578
2007-14-1,25.729470982538796
2007-15-1,25.576981844975638
2007-16-1,24.51971851519211
2007-17-1,24.905605883688484
2007-18-1,23.465691814960024
2007-19-1,23.37115722876808
2007-20-1,23.246343322191812
2007-21-1,24.416216010963
2007-22-1,22.099857564393485
2007-23-1,23.711063021764595
2007-24-1,22.989466814374385
2007-25-1,22.79624942376736
2007-26-1,22.175091871077264
2007-27-1,22.539320143309105
2007-28-1,23.156784223522543
2007-29-1,24.934247166789334
2007-30-1,22.316466542023992
2007-31-1,21.92159219521375
2007-32-1,22.95923381444772
2007-33-1,22.421670324021296
2007-34-1,22.28388437813331
2007-35-1,21.170335693631255
2007-36-1,22.14445077052985
2007-37-1,22.292118966569774
2007-38-1,23.2663583315706
2007-39-1,23.11811877041362
2007-40-1,23.369521986868143
2007-41-1,23.16489864047506
2007-42-1,23.704958934781814
2007-43-1,24.573040969218987
2007-44-1,24.668781056753634
2007-45-1,24.90499497905011
2007-46-1,24.752926115095082
2007-47-1,25.695057111573618
2007-48-1,26.247637522527217
2007-49-1,26.781344333979014
2007-50-1,25.64827863674861
2007-51-1,26.697011555234752
2007-52-1,27.666421705853647
2008-01-1,28.25218260778534
2008-02-1,28.42613429417338
2008-03-1,27.71252101302586
2008-04-1,26.13955643129909
2008-05-1,26.08345296529264
2008-06-1,25.845118238694063
2008-07-1,25.552339383845673
2008-08-1,27.020547154522994
2008-09-1,26.353517212694314
2008-10-1,26.256945435390318
2008-11-1,26.69984729771248
2008-12-1,25.9800970810458
2008-13-1,25.8283775474423
2008-14-1,26.12304457849975
2008-15-1,25.236133433742356
2008-16-1,25.249908232102005
2008-17-1,24.901342524560548
2008-18-1,24.230426240524764
2008-19-1,24.838020428027423
2008-20-1,24.20843044162894
2008-21-1,23.084954241672012
2008-22-1,24.33501018539438
2008-23-1,22.98282697774611
2008-24-1,22.105584774500343
2008-25-1,23.013806189168122
2008-26-1,22.84293539332796
2008-27-1,23.33981981119103
2008-28-1,22.261768209650608
2008-29-1,22.05929902708572
2008-30-1,22.50176575438938
2008-31-1,24.667579657968332
2008-32-1,22.60421369515524
2008-33-1,21.998369547456313
2008-34-1,22.086259675588078
2008-35-1,22.16399197580702
2008-36-1,22.674260687030504
2008-37-1,22.242146276341305
2008-38-1,22.266735191720976
2008-39-1,23.169898903623128
2008-40-1,23.799132687353207
2008-41-1,24.010075001915908
2008-42-1,23.69740006109825
2008-43-1,23.908450954382985
2008-44-1,24.0785319128248
2008-45-1,24.060086690411396
2008-46-1,24.10352090832736
2008-47-1,24.533001425021364
2008-48-1,25.103846026707853
2008-49-1,25.89483884520407
2008-50-1,26.34067907278628
2008-51-1,26.514169683548563
2008-52-1,26.77249029940278
2009-01-1,27.74168737517632
2009-02-1,29.83367119061209
2009-03-1,31.3709282292551
2009-04-1,31.69419796538813
2009-05-1,29.867776850147333
2009-06-1,30.516228506776514
2009-07-1,29.20967915127885
2009-08-1,28.034732916888508
2009-09-1,27.16802025923471
2009-10-1,26.65024163378121
2009-11-1,25.425224535133708
2009-12-1,24.95693820295061
2009-13-1,24.940608652978092
2009-14-1,24.645210460558484
2009-15-1,24.432357431937408
2009-16-1,23.389905988521296
2009-17-1,23.13701989107161
2009-18-1,22.985046478801024
2009-19-1,22.680728233133635
2009-20-1,22.462725593497296
2009-21-1,22.673488239025076
2009-22-1,22.84493532559761
2009-23-1,22.08282460125656
2009-24-1,22.300517937021564
2009-25-1,22.06394769013294
2009-26-1,22.641075463355524
2009-27-1,23.476934286744637
2009-28-1,21.528448196046057
2009-29-1,22.004111574873072
2009-30-1,21.69356599223034
2009-31-1,21.701675394650557
2009-32-1,22.103033398707105
2009-33-1,21.623660083713247
2009-34-1,21.73100529182557
2009-35-1,21.240212951278195
2009-36-1,21.47694312768122
2009-37-1,21.49964795242299
2009-38-1,22.010219397079236
2009-39-1,21.992103703532237
2009-40-1,22.11462149305525
2009-41-1,23.009472263192112
2009-42-1,22.811742760859495
2009-43-1,24.22111697819409
2009-44-1,23.30774705124276
2009-45-1,24.284472590224816
2009-46-1,24.242439666962255
2009-47-1,24.259686256905827
2009-48-1,24.056113819288996
2009-49-1,24.170324782102607
2009-50-1,24.19728123214187
2009-51-1,25.19287794396241
2009-52-1,26.53753986434704
2009-53-1,25.976091076948787
2010-01-1,25.263084571890058
2010-02-1,25.604558874468022
2010-03-1,24.952712072654055
2010-04-1,25.113150267799124
2010-05-1,25.30610426462834
2010-06-1,25.470839982741577
2010-07-1,26.089989901008785
2010-08-1,25.795906591878587
2010-09-1,24.804924914100916
2010-10-1,25.058654917240023
2010-11-1,25.49114535526954
2010-12-1,24.226528866102186
2010-13-1,23.68161714903305
2010-14-1,23.01621907394898
2010-15-1,23.292562694927597
2010-16-1,23.507199251711214
2010-17-1,23.531675825495004
2010-18-1,22.600984937103163
2010-19-1,22.62523129007463
2010-20-1,22.68685239804116
2010-21-1,23.081503653530447
2010-22-1,22.200813169258392
2010-23-1,22.881172747904845
2010-24-1,21.6471598006935
2010-25-1,22.251051117065366
2010-26-1,24.922983856578405
2010-27-1,24.396983573703956
2010-28-1,26.037820297981302
2010-29-1,22.34483520281896
2010-30-1,21.30419130382999
2010-31-1,21.658228749257677
2010-32-1,22.106379562687565
2010-33-1,22.04812977449808
2010-34-1,21.895511179123716
2010-35-1,21.487456617337994
2010-36-1,22.418684708619928
2010-37-1,22.186694938272904
2010-38-1,23.03868235259263
2010-39-1,22.431281737848963
2010-40-1,23.13559430691254
2010-41-1,22.850956991660976
2010-42-1,23.078335701148323
2010-43-1,23.74613096065589
2010-44-1,23.051839420430582
2010-45-1,23.42269765817582
2010-46-1,23.02899332209306
2010-47-1,23.832940775907915
2010-48-1,24.571812362583017
2010-49-1,25.624672182606087
2010-50-1,25.507822703067262
2010-51-1,26.029518454033646
2010-52-1,25.87412903617334
2011-01-1,26.2603157442915
2011-02-1,25.356171382536772
2011-03-1,24.040381566707588
2011-04-1,24.477667775275147
2011-05-1,25.630102308219225
2011-06-1,25.064812336309675
2011-07-1,25.030250701929074
2011-08-1,24.96481327237977
2011-09-1,24.941221794647205
2011-10-1,25.704565362296933
2011-11-1,25.147441669402014
2011-12-1,24.69514960911824
2011-13-1,25.233200659996218
2011-14-1,23.08438771755466
2011-15-1,23.351918899820305
2011-16-1,24.49388907936092
2011-17-1,23.278637607285503
2011-18-1,23.36645823411387
2011-19-1,23.529023281177647
2011-20-1,23.102704579958072
2011-21-1,22.00220116126485
2011-22-1,22.660927561429407
2011-23-1,21.993728580758006
2011-24-1,21.989223519066623
2011-25-1,21.40937157759299
2011-26-1,22.10106635391881
2011-27-1,22.416351809183038
2011-28-1,22.01636809688762
2011-29-1,21.36807158126769
2011-30-1,21.621997636230752
2011-31-1,22.9759358683295
2011-32-1,21.812639003969576
2011-33-1,22.142860707592394
2011-34-1,23.012551906311604
2011-35-1,21.817825851869106
2011-36-1,21.770211342912567
2011-37-1,21.44114231980773
2011-38-1,21.896489681037647
2011-39-1,22.44376796419352
2011-40-1,22.494217499916765
2011-41-1,23.154332518222656
2011-42-1,23.706281452131815
2011-43-1,24.887811467900615
2011-44-1,24.287380045908563
2011-45-1,23.785237296252653
2011-46-1,24.51206547151183
2011-47-1,24.624794646775726
2011-48-1,25.464319897682238
2011-49-1,25.725619419565174
2011-50-1,25.867965455042977
2011-51-1,25.898511729193118
2011-52-1,25.82237842795938
2012-01-1,25.242333416015306
2012-02-1,24.40912309197313
2012-03-1,24.792787092172095
2012-04-1,23.99523718310129
2012-05-1,25.050177267242987
2012-06-1,26.10503811967
2012-07-1,26.938198693683653
2012-08-1,26.65031458305552
2012-09-1,25.87213258248908
2012-10-1,25.595188063153195
2012-11-1,25.55203559936303
2012-12-1,24.628632796361643
2012-13-1,24.289064270738905
2012-14-1,24.90943887893231
2012-15-1,24.058170063227337
2012-16-1,24.330616683160184
2012-17-1,24.098135319580663
2012-18-1,23.505498573108973
2012-19-1,22.523258698518678
2012-20-1,22.374248733931168
2012-21-1,23.450982197305024
2012-22-1,21.944932009045303
2012-23-1,22.040892009844047
2012-24-1,21.834204804090838
2012-25-1,22.046223783008223
2012-26-1,22.200381461524508
2012-27-1,22.374090247522318
2012-28-1,21.089966020793494
2012-29-1,21.26728333854441
2012-30-1,23.083466596554505
2012-31-1,21.865151710007538
2012-32-1,20.761979267194192
2012-33-1,22.04172159022033
2012-34-1,23.350554678729182
2012-35-1,20.725551256402554
2012-36-1,21.221740320853023
2012-37-1,21.927151051300566
2012-38-1,22.07167528563901
2012-39-1,22.619725035698558
2012-40-1,22.430007300153612
2012-41-1,23.005982750693338
2012-42-1,23.773655034782507
2012-43-1,23.205575999809987
2012-44-1,24.17976327032169
2012-45-1,23.938702423648767
2012-46-1,23.833598415289124
2012-47-1,24.06403367666294
2012-48-1,24.205798778242514
2012-49-1,24.720467746532137
2012-50-1,25.770148748834732
2012-51-1,25.618592819635378
2012-52-1,25.42554602782514
2013-01-1,25.4888883583961
2013-02-1,25.021758814953262
2013-03-1,25.563511318425604
2013-04-1,26.34841190240308
2013-05-1,27.933623046036363
2013-06-1,28.027897073218185
2013-07-1,28.525767713638597
2013-08-1,29.144075643673634
2013-09-1,29.75329407216274
2013-10-1,29.685946367673
2013-11-1,28.281854766560546
2013-12-1,27.70619416868552
2013-13-1,27.074879952866677
2013-14-1,27.04661509183873
2013-15-1,27.11274460147023
2013-16-1,25.269423611129056
2013-17-1,23.821329981170372
2013-18-1,22.898800373155208
2013-19-1,22.777962030101477
2013-20-1,22.340975524156743
2013-21-1,21.73440115167153
2013-22-1,22.75153957148473
2013-23-1,22.522420112458896
2013-24-1,22.06133954376384
2013-25-1,23.817142731658446
2013-26-1,20.6417280276876
2013-27-1,21.63438290114289
2013-28-1,21.14028662227458
2013-29-1,22.00212670050539
2013-30-1,23.488935092498313
2013-31-1,22.32216804620787
2013-32-1,21.15521088417894
2013-33-1,21.100894952373718
2013-34-1,21.092502120468257
2013-35-1,21.151264598090798
2013-36-1,21.70967475459545
2013-37-1,20.399010924575144
2013-38-1,21.256630291102258
2013-39-1,21.857269029019314
2013-40-1,22.10121438582863
2013-41-1,22.136688116024292
2013-42-1,22.634449390463985
2013-43-1,23.304774071173597
2013-44-1,22.180238274987104
2013-45-1,22.59380408751892
2013-46-1,22.483639730388457
2013-47-1,23.24821269079174
2013-48-1,22.95102812151392
2013-49-1,23.96599984139255
2013-50-1,23.759145988628465
2013-51-1,24.168140312378096
2013-52-1,23.799182251524215
2014-01-1,22.723831092301797
2014-02-1,23.29775226523993
2014-03-1,22.74285553742444
2014-04-1,22.736350312491656
2014-05-1,23.364171509696103
2014-06-1,23.726067859356043
2014-07-1,23.58073594522185
2014-08-1,23.29556561033591
2014-09-1,23.471160694290425
2014-10-1,23.582801458914144
2014-11-1,23.684553932697607
2014-12-1,23.76575183363117
2014-13-1,23.573399896468327
2014-14-1,23.73224300628751
2014-15-1,22.63469706034754
2014-16-1,22.417391282139413
2014-17-1,22.43557220211249
2014-18-1,21.359688811084446
2014-19-1,21.675835586793543
2014-20-1,21.24849155860967
2014-21-1,22.2822167874961
2014-22-1,20.48836512184848
2014-23-1,21.86276013958591
2014-24-1,21.845700701230268
2014-25-1,20.622124431516486
2014-26-1,21.02751100489976
2014-27-1,21.628814538024823
2014-28-1,21.385860283080476
2014-29-1,22.49044540930576
2014-30-1,22.142248619781917
2014-31-1,21.34193666230116
2014-32-1,20.819169920046367
2014-33-1,20.20753202293796
2014-34-1,20.942285890563255
2014-35-1,21.524310947045425
2014-36-1,21.940633486604163
2014-37-1,21.429263158730837
2014-38-1,21.70872177123022
2014-39-1,21.135375438490374
2014-40-1,21.759463582362148
2014-41-1,22.209989620990818
2014-42-1,22.234698530910137
2014-43-1,22.196833501768406
2014-44-1,22.662493236825117
2014-45-1,22.987253103807422
2014-46-1,23.422377319124045
2014-47-1,23.076547539347672
2014-48-1,23.679820390445048
2014-49-1,24.3205607879302
2014-50-1,25.2926726581595
2014-51-1,24.922630848096606
2014-52-1,24.594995348416536
2015-01-1,24.771899460457238
2015-02-1,25.57065860881416
2015-03-1,25.828455742641353
2015-04-1,25.639236948065705
2015-05-1,27.477555262421816
2015-06-1,27.761688003773212
2015-07-1,29.716167251226334
2015-08-1,30.96803126739505
2015-09-1,31.411666709986804
2015-10-1,29.210823720157094
2015-11-1,27.618700138973583
2015-12-1,26.523629836120836
2015-13-1,25.368379310824068
2015-14-1,24.69767332977518
2015-15-1,23.95583359323232
2015-16-1,23.938051076115936
2015-17-1,23.38993059343232
2015-18-1,22.617892144140875
2015-19-1,22.5253280281419
2015-20-1,22.11355351976607
2015-21-1,21.534666335206843
2015-22-1,21.323450874295393
2015-23-1,22.14074153812209
2015-24-1,21.461838779154636
2015-25-1,20.642737662651122
2015-26-1,21.30180907727095
2015-27-1,25.50643402174793
2015-28-1,22.93001690677076
2015-29-1,21.715141381764564
2015-30-1,21.499132783977313
2015-31-1,20.409173310733095
2015-32-1,22.000171427218426
2015-33-1,22.34061196892722
2015-34-1,20.12970426105779
2015-35-1,21.303573659641952
2015-36-1,20.70723215239049
2015-37-1,21.06596359674772
2015-38-1,21.209662235376555
2015-39-1,20.746635665475633
2015-40-1,21.69693606315239
2015-41-1,22.184229982739122
2015-42-1,22.292899494711875
2015-43-1,23.008868377249485
2015-44-1,22.21896300791013
2015-45-1,22.514745668717776
2015-46-1,22.011982185788273
2015-47-1,22.290290142908944
2015-48-1,22.211587679054386
2015-49-1,22.481813784338165
2015-50-1,22.606579818699515
2015-51-1,23.036191897693893
2015-52-1,22.760370536056914
2015-53-1,22.806637845315763
2016-01-1,23.886476901123878
2016-02-1,23.905083094390523
2016-03-1,24.12102318399716
2016-04-1,24.211436778476312
2016-05-1,23.915885186822596
2016-06-1,24.02112226093132
2016-07-1,23.9461941828906
2016-08-1,23.918767154153894
2016-09-1,24.515477915387084
2016-10-1,24.481392390943462
2016-11-1,24.514227838519187
2016-12-1,24.36914252150053
2016-13-1,24.075873408018673
2016-14-1,23.60871739122531
2016-15-1,22.858381115113918
2016-16-1,21.69708163185459
2016-17-1,22.075331570624048
2016-18-1,21.89238686648562
2016-19-1,22.842901384884293
2016-20-1,21.51473468106072
2016-21-1,21.114539497750727
2016-22-1,21.125146075958455
2016-23-1,20.397974420082534
2016-24-1,20.30796113160102
2016-25-1,21.860837546457272
2016-26-1,20.315709070983118
2016-27-1,20.94756513385109
2016-28-1,20.950999574239344
2016-29-1,21.996041862819855
2016-30-1,20.91482133017621
2016-31-1,19.990226139626248
2016-32-1,20.016439064632014
2016-33-1,21.064024299196088
2016-34-1,22.211333661934248
2016-35-1,20.82544942176662
2016-36-1,20.862279342991936
2016-37-1,21.202819078949986
2016-38-1,20.19538551079722
2016-39-1,21.13521348422163
2016-40-1,21.143604131608175
2016-41-1,22.579231504019102
2016-42-1,22.80186406653824
2016-43-1,22.80533978892352
2016-44-1,22.8145839492903
2016-45-1,23.03984524140424
2016-46-1,24.113046139815445
2016-47-1,23.22794182750196
2016-48-1,23.540090372318335
2016-49-1,24.375793250137164
2016-50-1,24.474512167407664
2016-51-1,25.126715182120318
2016-52-1,25.662108027921313
2017-01-1,26.677498742959383
2017-02-1,28.183984511772763
2017-03-1,27.091680320125914
2017-04-1,28.237954192095778
2017-05-1,30.19371707904832
2017-06-1,29.05668663804651
2017-07-1,28.95394744188456
2017-08-1,28.45929736986147
2017-09-1,26.716283856689433
2017-10-1,24.3675842912752
2017-11-1,23.762202211205196
2017-12-1,22.45105832566752
2017-13-1,22.562729102860455
2017-14-1,21.672564699598034
2017-15-1,21.508531898543954
2017-16-1,21.156858106833546
2017-17-1,22.46662044282403
2017-18-1,21.785697140505572
2017-19-1,22.072467446308345
2017-20-1,21.751640818782978
2017-21-1,20.95049265422105
2017-22-1,21.514336627132085
2017-23-1,20.17362906732052
2017-24-1,20.45698065228121
2017-25-1,21.408198823433025
2017-26-1,20.453125533881657
2017-27-1,20.91859578288848
2017-28-1,19.848579363422807
2017-29-1,21.107891632141413
2017-30-1,20.419257899186967
2017-31-1,20.984991833518023
2017-32-1,20.085763553571134
2017-33-1,20.564172042540715
2017-34-1,20.236515588593964
2017-35-1,20.494710407543902
2017-36-1,19.989369059566087
2017-37-1,20.51532457729253
2017-38-1,21.00686451759839
2017-39-1,21.331379575955992
2017-40-1,21.22540090069074
2017-41-1,22.272480717699732
2017-42-1,21.864932496428832
2017-43-1,21.761344050783325
2017-44-1,21.36472742728103
2017-45-1,22.132655115339986
2017-46-1,22.416971679633605
2017-47-1,22.587248404025292
2017-48-1,22.78624048158936
2017-49-1,23.32518193073444
2017-50-1,23.617161943218086
2017-51-1,23.6189563636584
2017-52-1,23.804613768391814
2018-01-1,24.277220554754777
2018-02-1,23.523934434367952
2018-03-1,24.017529346015596
2018-04-1,24.03263154165043
2018-05-1,24.501694340241674
2018-06-1,25.16086129622333
2018-07-1,26.661926083629922
2018-08-1,28.75158497295814
2018-09-1,32.05122001806123
2018-10-1,33.647316293437974
2018-11-1,30.64256908507224
2018-12-1,28.602745130078127
2018-13-1,26.224816061676968
2018-14-1,25.141883591538804
2018-15-1,24.030841137691905
2018-16-1,22.5332450079002
2018-17-1,21.408436344611147
2018-18-1,21.018308233638994
2018-19-1,21.584758499306314
2018-20-1,20.68401649974331
2018-21-1,20.69659660381683
2018-22-1,21.368227068252374
2018-23-1,20.9201091307598
2018-24-1,19.50164869959522
2018-25-1,19.82940513408682
2018-26-1,20.754680601425015
2018-27-1,20.832881478651018
2018-28-1,20.137931758455146
2018-29-1,20.93218823803427
2018-30-1,23.008128707858216
2018-31-1,25.57185681122447
2018-32-1,23.16490127102538
2018-33-1,21.146728771250935
2018-34-1,20.841567296018646
2018-35-1,20.062434005102695
2018-36-1,20.56053177765756
2018-37-1,20.427416596511996
2018-38-1,20.870589065535256
2018-39-1,20.008373772890884
2018-40-1,20.856043200833266
2018-41-1,21.30433607196564
2018-42-1,20.73102795267291
2018-43-1,20.821958160324325
2018-44-1,21.173641264422887
2018-45-1,22.08703772026911
2018-46-1,21.11816625340419
2018-47-1,22.30273100531728
2018-48-1,22.684704411787692
2018-49-1,23.029250372081478
2018-50-1,22.509230070574805
2018-51-1,23.851351367818424
2018-52-1,22.540964418547116
2019-01-1,22.866533634947235
2019-02-1,23.461993158839356
2019-03-1,23.436127338827784
2019-04-1,23.871923098162508
2019-05-1,24.227122351343883
2019-06-1,24.459413524249467
2019-07-1,24.64808040650651
2019-08-1,24.905101025239265
2019-09-1,25.44365906008303
2019-10-1,25.024067511550584
2019-11-1,24.222327258726075
2019-12-1,23.27385352179356
2019-13-1,22.70542460816303
2019-14-1,22.830346755106177
2019-15-1,21.839685795144526
2019-16-1,22.123987186430774
2019-17-1,21.89717227433929
2019-18-1,20.901736775289503
2019-19-1,20.93275497941371
2019-20-1,21.17224076583663
2019-21-1,20.8995727864485
2019-22-1,20.68853559811893
2019-23-1,21.37919966405234
2019-24-1,20.158565937576547
2019-25-1,20.356740326817974
2019-26-1,21.92865225208052
2019-27-1,20.242778072184485
2019-28-1,19.970244840089656
2019-29-1,20.627024840458915
2019-30-1,24.03550434416293
2019-31-1,20.85142627019439
2019-32-1,20.224153732574845
2019-33-1,19.498234211518156
2019-34-1,19.88624889153921
2019-35-1,21.596970399552106
2019-36-1,19.561846442879997
2019-37-1,19.940823735983805
2019-38-1,20.18062009464274
2019-39-1,21.29850519344153
2019-40-1,20.677136374692953
2019-41-1,21.61899370757323
2019-42-1,21.68318326172568
2019-43-1,21.21212150110208
2019-44-1,21.3895881155614
2019-45-1,21.862910827129735
2019-46-1,22.33788235781981
2019-47-1,22.712894270569564
2019-48-1,22.74420694649872
2019-49-1,23.4600533044567
2019-50-1,23.384381055588065
2019-51-1,23.34121152066976
2019-52-1,22.308463801927005
2020-01-1,22.708187072890393
2020-02-1,23.33953792885965
2020-03-1,22.79236718701963
2020-04-1,22.640842981587006
2020-05-1,23.779679668449646
2020-06-1,22.8945858970337
2020-07-1,23.628155463017023
2020-08-1,22.79236718701963
2020-09-1,23.45618751558159
2020-10-1,23.651004351137818
2020-11-1,23.869872647873827
2020-12-1,23.717145869382215
2020-13-1,23.664232654786694
2020-14-1,24.84756454483193
2020-15-1,24.65515285539368
2020-16-1,23.16275968918826
2020-17-1,22.31614825565996
2020-18-1,21.550109217083932
2020-19-1,21.226617064215873
2020-20-1,20.444944575872984
2020-21-1,20.639761411429213
2020-22-1,20.17436563760045
2020-23-1,20.75881614426913
2020-24-1,19.96391535227736
2020-25-1,19.72340074047955
2020-26-1,20.79609590909779
2020-27-1,19.790744831782938
2020-28-1,19.411934318201386
2020-29-1,19.886950676502064
2020-30-1,20.307851247148232
2020-31-1,20.964456137356258
2020-32-1,21.008951340538854
2020-33-1,23.714740723264235
2020-34-1,21.11598034278888
2020-35-1,20.03005687052176
2020-36-1,20.189999087367305
2020-37-1,20.6301408269573
2020-38-1,21.111170050552925
2020-39-1,20.980089587123118
2020-40-1,21.18212186103328
2020-41-1,21.046231105367514
2020-42-1,21.35048208929175
2020-43-1,22.35342802048862
2020-44-1,22.348617728252666
2020-45-1,22.85730613220504
2020-46-1,23.72315873467716
2020-47-1,24.27032947651718
2020-48-1,25.619616448702907
2020-49-1,27.182961425388683
2020-50-1,28.865361134914373
2020-51-1,29.732416310445487
2020-52-1,30.730551949406404
2020-53-1,30.662005285044028
